Week,Simple_Avg,Weighted_Avg,Trend,Ensemble
1,232952.70775,218774.7781,225596.0,232843.7528375
2,232952.70775,218774.7781,218239.0,232843.7528375
3,232952.70775,218774.7781,210882.0,232843.7528375
4,232952.70775,218774.7781,203526.0,232843.7528375
